,Adenine content(1),Adenine content(2),Adenine content(3),Cytosine content(1),Cytosine content(2),Cytosine content(3),Enthalpy (RNA)1,Enthalpy (RNA)2,Enthalpy (RNA)3,Enthalpy (RNA)_1,Enthalpy (RNA)_2,Enthalpy (RNA)_3,Entropy (RNA)1,Entropy (RNA)2,Entropy (RNA)3,Entropy (RNA)_1,Entropy (RNA)_2,Entropy (RNA)_3,Free energy (RNA)1,Free energy (RNA)2,Free energy (RNA)3,Free energy (RNA)_1,Free energy (RNA)_2,Free energy (RNA)_3,GC content1,GC content2,GC content3,Guanine content1,Guanine content2,Guanine content3,Hydrophilicity (RNA)1,Hydrophilicity (RNA)2,Hydrophilicity (RNA)3,Hydrophilicity (RNA)_1,Hydrophilicity (RNA)_2,Hydrophilicity (RNA)_3,Keto (GT) content1,Keto (GT) content2,Keto (GT) content3,Purine (AG) content1,Purine (AG) content2,Purine (AG) content3,Rise (RNA)1,Rise (RNA)2,Rise (RNA)3,Roll (RNA)1,Roll (RNA)2,Roll (RNA)3,Shift (RNA)1,Shift (RNA)2,Shift (RNA)3,Slide (RNA)1,Slide (RNA)2,Slide (RNA)3,Stacking energy (RNA)1,Stacking energy (RNA)2,Stacking energy (RNA)3,Thymine content1,Thymine content2,Thymine content3,Tilt (RNA)1,Tilt (RNA)2,Tilt (RNA)3,Twist (RNA)1,Twist (RNA)2,Twist (RNA)3
mtr-miR4414a-3p,0.116,-20.87,-0.001,0.064,0.004,0.186,0.186,-0.02,-0.048,-1.853,0.427,0.075,-2.888,0.002,0.233,0.023,-3.879,0.005,-0.054,0.01,0.091,-0.537,-0.099,6.746,-0.002,-0.126,-0.004,-0.026,0.02,-0.983,0.021,0.775,-0.681,-0.07,0.424,0.028,0.135,-0.164,2.713,-0.009,-0.125,-0.004,-0.225,-0.085,0.012,23.827,-0.003,-0.012,-0.006,0.031,-0.037,-0.454,-0.194,4.3,-0.325,-0.074,4.342,0.022,0.201,0.243,12.382,-0.011,0.317,0.001,0.08,2.53
atr-miR8606,0.248,-2.334,0.004,0.287,0.009,0.231,0.498,-0.169,0.382,-0.471,-0.431,0.539,0.569,0.001,0.058,0.4,20.41,0.01,0.266,0.027,0.403,4.08,-0.004,2.052,0.001,-0.052,-0.004,-0.108,0.331,-0.946,0.289,-1.749,1.614,0.327,0.373,-0.01,-0.035,0.058,8.834,-0.01,0.043,-0.012,0.03,1.44,-0.082,-2.811,0.002,-0.125,-0.002,-0.132,0.198,0.674,0.231,-2.795,1.801,0.193,-0.646,-0.009,-0.036,-0.091,-0.785,-0.006,-0.071,-0.01,-0.08,-0.328
bdi-miR7749-3p,0.202,-6.4,0.0,0.169,0.01,0.399,0.136,0.009,-0.086,-1.977,0.634,0.095,-0.503,-0.002,0.3,0.174,-2.805,0.015,0.107,-0.002,0.211,0.169,-0.121,-1.221,-0.002,0.13,0.006,0.162,-0.143,0.179,0.078,3.214,-0.59,0.004,-0.319,-0.005,-0.08,-0.126,0.81,0.01,-0.06,-0.001,-0.091,-0.309,-0.155,2.722,0.001,0.086,0.004,0.002,-0.1,0.365,-0.004,2.525,-1.008,-0.045,0.28,0.008,-0.191,-0.033,13.139,0.008,-0.041,0.023,-0.084,1.839
bdi-miR7711-5p.3,0.194,-6.56,-0.001,0.132,0.007,0.273,0.066,-0.368,-0.008,-0.248,0.023,0.087,-0.683,-0.003,0.103,0.075,-0.072,0.011,0.039,-0.001,0.079,0.301,-0.186,-7.85,-0.001,-0.03,-0.005,0.0,-0.169,-1.222,-0.255,-0.597,-0.237,-0.147,-1.55,-0.024,0.061,-0.201,-14.55,-0.011,-0.143,-0.026,-0.126,-2.601,-0.155,-2.995,-0.002,0.018,-0.006,0.1,-0.095,-1.217,-0.271,-0.177,-0.079,-0.077,-0.642,-0.015,0.014,-0.146,-8.532,-0.011,-0.111,-0.011,-0.132,-1.624
gma-miR10190,-0.014,-12.529,-0.0,0.18,0.002,0.155,-0.011,-0.626,0.062,-0.751,0.039,0.058,-1.127,-0.003,0.086,0.176,4.768,0.004,0.12,0.003,0.166,1.333,-0.07,-20.211,0.0,-0.047,-0.004,-0.114,-0.012,0.059,0.017,-5.667,-2.059,0.006,-2.86,0.005,-0.02,-0.046,-8.67,-0.006,-0.075,0.008,0.041,-1.389,0.161,5.615,-0.001,-0.087,0.007,-0.062,0.04,2.401,0.015,-2.724,-1.512,0.105,0.019,0.002,-0.022,-0.132,-11.476,0.009,-0.114,0.017,-0.028,-2.154
vvi-miR3624-5p,0.111,-8.083,0.001,0.058,0.007,0.177,-0.011,-1.635,0.109,-0.809,-0.2,0.089,-0.826,0.0,0.014,0.146,6.123,0.009,0.078,0.002,0.125,1.351,0.023,-9.272,-0.003,-0.05,0.004,-0.058,-0.012,-0.469,-0.089,2.611,0.439,-0.018,-1.794,-0.015,-0.126,-0.086,-3.265,0.007,-0.118,-0.008,-0.047,-0.747,0.025,15.119,0.002,0.065,0.005,-0.074,0.059,-0.467,-0.045,2.913,0.074,-0.025,2.57,-0.016,0.071,0.1,8.844,0.009,0.168,-0.01,0.056,1.503
osa-miR1866-5p,0.132,3.777,0.006,0.12,0.012,0.488,0.176,0.927,-0.009,-1.083,0.675,0.504,1.777,0.002,0.399,0.481,10.502,0.012,0.343,0.02,0.45,2.969,-0.126,1.046,0.002,0.03,0.004,0.238,-0.149,2.178,-0.102,-0.545,-0.916,0.147,0.529,0.003,0.165,0.11,1.1,0.003,0.087,0.015,0.134,0.552,-0.132,-20.251,-0.002,-0.018,-0.004,-0.036,-0.084,0.405,-0.166,0.05,-1.323,-0.195,-3.182,0.03,-0.009,-0.213,-8.601,-0.002,-0.169,0.006,-0.168,-1.797
atr-miR8605,0.079,2.929,0.002,0.182,0.003,0.128,0.157,-0.467,-0.021,-0.434,-0.143,0.169,1.168,0.001,0.14,0.206,7.391,0.005,0.175,0.011,0.176,1.757,-0.126,6.353,0.003,0.024,-0.005,-0.203,-0.026,-0.813,0.03,-1.909,-0.946,-0.156,0.946,0.003,0.004,0.001,3.812,-0.007,0.025,0.011,-0.017,0.847,-0.05,-13.641,-0.001,0.0,-0.003,-0.168,-0.127,1.103,-0.143,-3.309,-1.227,-0.164,-2.096,-0.022,0.005,-0.049,-13.069,-0.002,-0.075,0.0,0.02,-1.719
gma-miR4378a,0.159,1.771,0.002,0.058,0.007,0.254,-0.008,-1.947,-0.031,-0.182,0.012,0.126,0.68,-0.0,0.14,0.126,3.04,0.01,0.109,0.001,0.103,0.881,0.048,-14.475,0.001,-0.035,0.002,0.035,-0.052,1.434,-0.08,-0.905,-0.261,-0.026,-2.3,0.001,-0.186,-0.152,-7.668,0.003,-0.138,-0.003,-0.13,-1.532,0.025,-10.321,-0.001,0.014,0.0,-0.05,-0.005,0.709,-0.044,0.0,-0.187,-0.077,-2.148,0.027,-0.164,-0.171,-8.726,0.0,-0.168,0.0,-0.095,-1.72
mtr-miR2635,0.08,0.632,0.006,0.056,-0.003,-0.006,0.111,-2.499,-0.087,-0.475,-0.151,0.16,0.653,-0.001,0.093,0.139,2.657,-0.002,0.13,0.0,0.13,0.874,-0.15,4.93,0.002,-0.059,-0.005,-0.183,0.0,-2.313,0.022,-0.912,-1.348,0.026,1.098,-0.008,-0.02,0.108,8.2,-0.009,0.1,-0.005,0.078,1.467,-0.125,0.121,0.0,0.0,0.005,0.174,-0.063,0.621,-0.013,1.684,-0.839,0.139,0.301,-0.02,-0.083,0.06,5.127,0.001,0.048,0.004,0.083,0.708
ppt-miR1038-3p,0.119,-5.213,-0.001,0.169,0.003,0.194,0.097,-1.386,-0.085,-1.169,0.204,0.033,-0.579,-0.001,0.235,0.065,-2.932,0.005,0.033,0.0,0.1,-0.189,-0.178,-14.229,0.001,0.012,-0.003,-0.123,0.038,-0.927,-0.057,2.98,0.05,-0.108,-2.879,-0.016,-0.085,-0.302,-3.537,-0.005,-0.278,-0.019,-0.284,-1.391,-0.189,8.074,-0.005,0.012,-0.003,-0.183,0.09,-0.153,0.02,4.365,0.886,-0.031,1.248,0.017,-0.056,-0.001,10.708,-0.005,0.014,0.007,-0.121,1.434
aof-miR12167,0.26,5.238,0.006,0.125,0.003,0.15,0.095,-1.691,0.233,-0.55,-0.277,0.125,1.442,-0.0,0.06,0.284,13.444,0.006,0.208,0.011,0.22,2.824,0.011,-1.936,0.006,0.079,-0.004,-0.158,-0.168,-0.762,0.08,-1.487,0.289,-0.158,0.054,0.0,-0.042,0.108,0.18,-0.003,0.074,0.01,0.126,0.439,0.05,-9.243,0.003,0.083,0.004,0.056,0.097,3.193,0.011,-0.569,0.5,0.042,-1.331,0.028,0.011,-0.027,-5.026,0.008,-0.015,0.007,0.078,-0.811
ppt-miR11326,0.111,-23.732,-0.001,0.086,0.006,0.247,0.042,-0.461,0.013,-2.26,0.67,0.116,-2.986,0.001,0.125,0.053,-5.963,0.009,-0.003,0.002,0.155,-0.736,0.006,21.932,0.003,-0.053,0.0,0.044,-0.061,0.269,-0.004,0.962,0.045,0.012,2.855,0.034,-0.047,-0.022,7.367,-0.001,0.016,0.02,-0.035,0.99,-0.053,14.517,0.002,-0.056,0.001,0.0,-0.053,2.3,-0.205,-2.861,-0.781,-0.046,2.583,0.05,-0.015,0.112,9.313,0.001,0.113,0.044,-0.012,1.903
bdi-miR7722-3p,0.108,-15.755,-0.001,0.042,0.002,0.191,0.1,-0.188,-0.038,-0.283,0.756,0.111,-1.597,-0.001,0.211,0.155,-1.459,0.004,0.099,0.005,0.205,0.227,-0.094,6.408,-0.003,-0.012,0.0,-0.012,0.05,-0.188,0.017,2.26,-0.934,0.006,0.365,-0.002,-0.167,-0.173,-1.384,0.001,-0.122,0.001,-0.173,-0.698,-0.121,-16.95,0.001,-0.012,0.001,-0.121,-0.124,-0.228,0.011,1.195,-1.563,-0.053,-3.104,-0.018,-0.356,-0.335,-6.784,0.003,-0.281,-0.014,-0.356,-1.786
cca-miR6116-5p,0.213,-15.658,0.001,0.05,0.003,0.102,0.1,-1.199,0.146,-0.518,-0.102,0.022,-2.083,-0.003,0.064,0.015,3.141,0.005,-0.015,-0.002,0.006,0.522,-0.018,-0.218,-0.003,-0.058,-0.001,-0.111,0.099,0.734,-0.045,-1.988,-0.665,-0.105,-0.394,-0.005,-0.044,-0.112,-4.901,0.0,-0.098,0.008,-0.105,-0.85,0.04,-5.219,-0.002,-0.003,0.003,-0.056,-0.019,-0.258,-0.237,-3.019,-0.454,0.105,-0.505,-0.041,-0.022,0.04,-12.891,0.006,0.015,-0.019,0.046,-1.463
bna-miR6029,0.061,-2.373,0.001,0.061,0.008,0.316,0.108,0.28,0.02,-0.188,0.27,0.26,0.571,-0.003,0.335,0.32,6.054,0.007,0.231,0.006,0.263,1.787,-0.047,-0.266,-0.001,-0.047,-0.007,-0.05,-0.012,0.284,-0.129,2.257,0.015,-0.114,-0.366,-0.011,0.058,-0.038,-8.342,-0.01,-0.056,-0.001,0.006,-1.324,-0.05,-14.726,0.0,0.009,-0.012,-0.282,0.031,1.424,-0.106,-3.068,-2.975,-0.238,-2.903,-0.011,-0.074,-0.293,-17.311,-0.016,-0.255,0.004,-0.164,-3.417
gma-miR4362,0.07,1.561,0.006,0.093,0.007,0.243,0.027,-2.895,0.099,-0.46,-0.088,0.15,0.598,-0.0,0.075,0.063,4.836,0.01,0.075,-0.002,0.045,0.922,-0.084,-2.509,0.0,-0.089,0.003,0.045,-0.242,0.129,0.061,-1.537,-1.566,-0.026,-0.107,-0.001,-0.132,-0.035,6.325,0.003,-0.014,0.008,-0.061,0.71,-0.033,0.455,-0.001,0.017,-0.001,-0.064,-0.05,0.2,0.032,-1.828,-1.431,-0.028,0.049,0.0,-0.083,-0.019,3.338,-0.002,-0.033,0.007,-0.008,0.355
ata-miR6201-3p,0.089,-5.415,0.0,0.144,0.006,0.258,0.097,-1.976,-0.042,-0.208,-0.563,0.161,-0.083,-0.0,0.252,0.16,1.94,0.008,0.135,-0.001,0.125,0.788,-0.108,3.628,0.0,-0.126,0.0,-0.058,-0.067,0.729,0.096,0.974,-0.139,0.082,0.777,0.03,-0.012,0.033,4.38,-0.002,0.049,0.003,-0.035,0.629,-0.034,-15.402,0.003,-0.22,-0.004,-0.118,-0.071,-1.363,0.028,-0.882,2.207,0.028,-2.666,0.019,-0.189,-0.154,-8.42,-0.005,-0.165,-0.013,-0.084,-1.768
cca-miR6103-3p,0.213,0.53,-0.001,0.05,0.01,0.343,0.1,-1.54,-0.066,-0.177,-0.405,0.266,0.512,0.001,0.064,0.078,2.885,0.015,0.099,-0.003,0.061,0.674,0.018,-5.27,-0.002,-0.058,0.003,0.102,-0.061,1.73,-0.156,-2.795,-1.139,0.058,-0.92,-0.003,-0.155,-0.093,-9.572,0.007,-0.113,0.003,-0.102,-1.466,0.115,6.074,0.003,-0.062,0.002,0.009,0.347,-0.16,0.092,-1.687,-0.966,0.003,0.471,0.024,-0.015,-0.021,-4.355,0.004,-0.05,0.004,-0.062,-0.454
lja-miR11076-3p,0.062,-0.733,-0.001,0.055,0.003,0.076,0.121,0.166,-0.09,-0.311,-0.273,0.128,0.222,-0.002,0.125,0.115,-2.892,0.002,0.091,0.005,0.149,-0.084,-0.059,-2.98,-0.001,-0.257,0.0,-0.044,-0.261,-2.837,-0.012,7.805,-1.611,-0.261,-1.423,-0.01,-0.055,-0.281,-1.614,-0.003,-0.239,-0.044,-0.335,-1.079,-0.063,-14.549,0.0,-0.082,0.009,0.22,-0.278,-1.089,-0.044,8.604,-1.822,-0.212,-3.025,-0.033,-0.059,-0.373,-8.591,0.009,-0.311,-0.054,-0.341,-2.282
ppt-miR1063d,0.055,-4.335,-0.004,0.011,0.008,0.283,-0.05,-1.224,-0.031,-0.23,-0.027,0.091,-0.562,0.001,0.191,-0.023,-1.154,0.01,-0.029,0.001,-0.017,-0.254,-0.085,-2.625,0.005,-0.044,-0.002,0.123,-0.056,0.343,-0.017,2.374,0.466,-0.088,-0.821,-0.014,0.035,-0.178,-5.91,-0.006,-0.141,-0.01,-0.129,-1.402,-0.031,4.027,-0.002,0.099,-0.011,-0.046,0.115,-0.414,-0.217,2.251,0.393,-0.053,0.813,-0.04,-0.022,0.11,-4.666,-0.014,0.106,-0.02,0.093,-0.201
osa-miR812t,0.293,4.761,0.003,0.087,0.004,0.215,0.103,-0.811,0.174,-0.595,-0.68,0.112,1.413,-0.002,0.202,0.325,12.373,0.006,0.241,0.008,0.306,2.758,-0.026,-15.891,0.002,-0.03,-0.003,-0.009,-0.186,-1.295,0.012,-1.102,-1.188,-0.121,-1.899,-0.003,-0.052,0.098,9.309,-0.003,0.043,0.002,0.074,1.598,-0.027,7.356,-0.001,-0.032,-0.002,0.05,-0.214,-0.82,-0.096,1.139,-0.317,-0.077,1.665,-0.001,-0.009,0.19,18.834,-0.002,0.178,0.008,0.068,3.095
aof-miR12139,0.23,-7.495,0.002,0.064,0.003,0.141,0.199,-0.587,-0.11,-0.576,-0.064,0.191,-0.507,0.001,0.111,0.104,0.62,0.006,0.074,0.016,0.102,0.506,-0.047,-24.652,-0.005,-0.099,-0.002,-0.228,0.137,-0.533,-0.11,-1.161,0.038,0.035,-3.895,-0.025,0.023,-0.216,-13.704,-0.003,-0.181,-0.023,-0.126,-2.559,0.043,-11.017,-0.005,-0.105,0.0,-0.17,0.087,-2.587,-0.226,5.706,-0.867,-0.022,-2.066,-0.039,0.025,-0.188,-13.697,-0.003,-0.151,-0.054,-0.133,-2.513
pab-miR482q,0.16,6.553,0.0,0.085,0.008,0.19,0.22,-0.692,-0.136,-0.952,-1.694,0.375,2.015,-0.0,0.16,0.369,7.075,0.009,0.319,0.005,0.37,2.191,-0.042,-9.932,0.001,-0.339,0.0,-0.011,-0.197,-1.758,-0.069,-2.503,0.855,0.108,-1.796,-0.023,0.011,-0.173,-15.6,-0.006,-0.131,-0.028,-0.024,-2.704,-0.1,-3.864,0.002,-0.136,-0.002,0.1,-0.225,1.198,-0.115,1.3,-1.004,-0.047,-0.765,-0.011,0.067,-0.098,-1.713,-0.006,-0.086,0.003,-0.025,-0.437
pab-miR949c,0.127,-3.508,-0.002,0.341,0.006,0.299,0.116,-0.13,-0.121,-0.346,-0.313,0.102,0.147,-0.001,0.172,0.179,1.721,0.01,0.133,0.004,0.141,0.842,-0.199,-19.89,-0.001,-0.14,-0.005,-0.12,-0.091,0.515,0.081,-5.871,-2.51,0.012,-3.777,0.001,-0.067,-0.386,-18.698,-0.009,-0.326,-0.008,-0.234,-3.89,-0.034,-6.51,0.003,-0.35,-0.004,-0.303,-0.18,-0.342,-0.002,-3.282,-2.769,-0.031,-1.773,-0.005,-0.189,-0.281,-15.508,-0.006,-0.239,0.011,-0.183,-3.007
aly-miR831-3p,0.31,-3.948,0.0,0.11,0.012,0.3,0.09,-1.337,-0.053,-0.65,-0.101,0.06,-0.398,0.002,0.035,0.075,2.497,0.018,0.036,0.008,0.07,0.65,0.105,7.088,0.001,0.011,0.003,0.105,-0.063,1.086,-0.003,0.187,0.381,-0.042,1.33,0.016,-0.016,0.117,12.081,0.005,0.096,0.015,0.021,2.047,-0.011,10.205,0.001,0.011,-0.005,-0.056,0.044,-0.351,0.08,1.728,0.152,0.122,1.761,0.014,-0.017,0.164,10.927,-0.01,0.124,0.028,0.133,2.014
gma-miR5670b,0.12,-2.034,0.001,0.098,0.005,0.045,0.22,-1.973,-0.029,-0.465,0.227,0.2,0.173,-0.002,0.04,0.131,0.938,0.004,0.105,-0.002,0.128,0.66,0.105,-0.535,-0.001,-0.079,-0.002,-0.021,0.021,1.337,0.161,1.258,-0.142,-0.105,-0.631,0.005,-0.011,-0.136,2.595,0.0,-0.148,0.013,-0.147,-0.178,0.089,11.922,0.001,-0.053,-0.005,0.017,0.022,0.137,0.088,4.681,0.384,-0.056,1.457,-0.01,-0.011,-0.059,7.915,-0.007,-0.027,0.006,-0.119,0.87
osa-miR5158,0.033,-14.32,-0.001,0.198,0.001,0.151,0.072,0.549,-0.029,-0.39,-0.113,0.035,-1.339,-0.003,0.186,0.145,-1.133,0.002,0.088,-0.0,0.132,0.287,-0.175,-7.248,0.0,0.113,-0.003,-0.136,0.117,-0.026,-0.001,1.154,-0.271,-0.106,-0.823,0.01,-0.052,0.013,13.65,-0.004,-0.021,0.013,-0.048,1.956,0.045,11.52,0.001,0.068,0.003,-0.102,0.023,0.904,0.02,0.234,-0.489,-0.061,1.645,-0.006,-0.064,0.152,12.08,0.007,0.101,0.014,0.055,2.256
atr-miR8595,0.163,3.092,-0.002,0.296,0.01,0.366,0.102,-1.023,-0.126,0.039,-0.612,0.18,1.268,-0.001,0.127,0.203,4.792,0.015,0.204,-0.003,0.155,1.305,-0.05,-23.812,-0.001,-0.029,-0.003,-0.114,-0.17,-0.413,-0.149,-6.228,-2.378,-0.088,-4.224,0.007,-0.199,-0.296,-23.43,-0.002,-0.296,0.006,-0.164,-4.226,-0.111,-26.23,-0.003,-0.124,-0.007,-0.297,-0.059,0.319,0.167,-7.759,-1.187,-0.056,-4.928,-0.005,-0.152,-0.298,-22.052,-0.008,-0.339,-0.003,-0.111,-4.117
ghr-miR7500,0.066,-15.995,0.0,0.062,0.002,0.182,-0.004,0.786,-0.14,-1.041,-0.169,0.186,-1.434,0.001,0.136,0.151,2.932,0.004,0.108,0.021,0.211,0.993,-0.264,3.312,-0.005,-0.065,-0.01,-0.381,-0.143,-2.267,0.11,-1.0,0.202,-0.104,0.509,-0.014,0.0,-0.003,-0.146,-0.016,0.012,-0.016,-0.03,0.046,-0.127,-28.889,0.0,-0.055,-0.005,-0.3,0.005,-3.026,-0.139,4.273,-0.64,-0.059,-4.636,-0.02,-0.127,-0.213,-16.328,-0.009,-0.226,-0.055,-0.159,-2.995
mdm-miR10979,0.161,-5.172,0.0,0.155,0.01,0.346,0.125,1.08,-0.038,-0.172,0.323,0.319,0.755,0.003,0.26,0.405,10.393,0.012,0.323,0.02,0.368,2.657,0.058,-11.751,-0.001,-0.003,0.002,-0.079,0.044,-0.141,-0.207,-2.442,0.43,-0.038,-1.863,-0.022,-0.003,-0.049,-16.267,0.004,-0.078,-0.015,0.0,-2.267,0.003,-33.45,0.001,-0.003,0.001,-0.136,-0.118,-2.079,-0.063,-1.978,2.34,-0.18,-5.657,-0.036,-0.077,-0.441,-21.749,0.003,-0.36,-0.055,-0.294,-4.417
ath-miR5664,0.169,3.018,0.002,0.058,0.005,0.114,0.133,-0.345,0.102,-0.238,-0.052,0.199,1.179,0.0,0.147,0.305,10.907,0.007,0.238,0.016,0.305,2.542,-0.073,8.544,0.004,-0.105,-0.01,-0.225,-0.073,-1.158,0.038,1.664,0.197,-0.018,1.538,-0.007,-0.067,0.18,6.064,-0.014,0.136,0.007,0.099,1.562,-0.108,-10.932,0.0,-0.053,-0.01,-0.028,-0.136,-0.042,-0.083,1.328,0.215,-0.077,-1.874,-0.031,-0.053,-0.088,-10.885,-0.013,-0.095,-0.016,-0.034,-1.739
aly-miR845a-5p,0.086,-12.328,0.002,0.197,0.001,0.1,0.199,-1.801,-0.088,-0.626,-0.555,0.169,-1.138,-0.001,0.094,0.12,0.082,0.003,0.077,0.0,0.089,0.4,-0.076,6.207,0.001,0.012,-0.005,-0.225,0.26,1.571,-0.045,-1.228,0.52,0.012,0.471,0.0,-0.088,-0.098,-4.154,-0.007,-0.083,-0.003,-0.117,-0.844,-0.056,-11.331,-0.007,-0.046,0.0,-0.115,0.269,0.748,0.095,-0.115,-0.563,0.071,-1.501,0.035,-0.056,-0.055,4.612,0.0,-0.037,0.019,-0.059,0.435
ptc-miR6439a,0.102,-9.564,-0.001,0.163,0.002,0.139,-0.03,-0.44,-0.155,-0.593,-0.501,0.042,-0.757,-0.003,-0.014,0.153,-0.524,0.005,0.101,-0.006,0.133,0.438,-0.222,-36.376,-0.002,-0.088,-0.003,-0.099,-0.088,0.89,-0.099,-6.608,-2.199,-0.012,-6.134,0.004,-0.07,-0.4,-28.262,-0.007,-0.384,0.002,-0.202,-5.287,-0.053,22.033,0.0,-0.093,-0.003,-0.096,0.084,0.042,-0.126,-2.92,-1.858,-0.012,2.481,-0.007,0.161,-0.168,-8.151,-0.007,-0.044,-0.003,-0.096,-1.701
gma-miR4355,0.06,-2.713,-0.004,0.19,-0.001,0.04,0.278,-2.317,-0.062,-0.36,0.332,0.11,-0.388,-0.002,0.21,0.03,-1.492,-0.002,-0.014,0.003,0.04,-0.116,0.021,-10.652,0.0,-0.042,-0.004,-0.016,0.187,0.849,-0.053,-0.684,1.682,0.011,-2.064,-0.02,0.063,-0.178,-8.254,-0.006,-0.155,-0.023,-0.111,-1.798,0.022,-8.289,0.001,-0.133,0.001,0.039,0.094,0.878,-0.024,-1.389,1.799,0.05,-1.318,-0.023,0.067,-0.046,-5.6,0.0,-0.03,-0.022,0.0,-0.946
ath-miR8171,0.075,4.695,-0.001,0.166,0.001,0.055,0.08,-2.088,-0.035,0.022,-0.706,0.055,1.38,-0.001,0.158,0.175,5.257,0.001,0.18,-0.003,0.155,1.349,-0.012,-6.394,-0.001,0.009,-0.002,-0.254,-0.129,-2.624,0.022,-0.722,0.641,-0.085,-1.482,-0.013,-0.278,-0.213,-10.903,-0.003,-0.179,-0.026,-0.17,-2.282,-0.05,-6.251,0.0,-0.05,0.001,-0.108,-0.077,-1.88,-0.074,2.359,2.255,0.028,-1.435,-0.021,-0.176,-0.117,-5.18,0.002,-0.114,-0.017,-0.05,-1.096
ppt-miR1079-3p,0.32,-3.065,0.002,0.175,0.002,0.16,0.263,-1.274,-0.011,-0.61,0.187,0.12,0.233,-0.001,0.175,0.232,5.445,0.005,0.17,0.001,0.188,1.57,0.179,-12.047,0.002,0.005,0.0,-0.042,0.224,-3.389,0.113,-0.474,2.902,0.074,-2.601,-0.015,-0.026,-0.29,-14.586,0.001,-0.254,-0.031,-0.197,-3.1,0.236,-15.232,0.0,-0.033,0.002,0.028,0.236,-1.525,-0.12,0.811,2.635,0.078,-3.558,0.008,-0.083,-0.426,-16.768,0.003,-0.361,-0.031,-0.278,-3.803
atr-miR8580,0.293,-1.419,0.002,0.037,0.004,0.153,0.089,-1.522,0.032,-0.252,-0.04,0.05,0.357,0.0,0.169,0.188,5.321,0.009,0.136,0.003,0.14,1.394,0.069,-17.281,0.004,-0.009,0.0,-0.065,0.05,1.565,0.013,-0.58,-0.425,-0.108,-2.829,-0.004,-0.078,-0.139,-1.917,0.0,-0.143,-0.003,-0.104,-0.579,0.023,-5.443,-0.002,-0.005,-0.001,-0.018,0.005,-0.711,0.085,0.509,0.101,-0.032,-0.917,0.022,0.018,-0.089,-2.542,-0.003,-0.064,0.0,-0.023,-0.695
gma-miR4416b,0.285,-24.207,0.003,0.102,0.002,0.169,0.208,-2.632,0.041,-2.03,0.973,0.111,-2.791,-0.001,0.23,0.184,-0.396,0.005,0.088,-0.008,0.26,0.511,0.079,29.658,-0.002,0.053,0.0,0.12,0.213,2.967,0.022,-1.509,-0.863,0.006,3.966,0.003,0.114,0.096,3.005,0.003,0.107,0.016,0.003,0.832,-0.034,4.599,0.002,-0.003,0.001,0.183,-0.015,-2.628,0.048,-5.279,-2.331,0.006,1.04,0.002,0.043,0.063,5.809,0.002,0.034,0.012,-0.108,1.226
gma-miR4387b,0.114,-3.267,0.0,0.14,0.005,0.169,0.132,-2.462,0.044,-0.223,-0.289,0.091,-0.182,-0.002,0.157,0.056,-0.122,0.007,0.049,-0.004,0.045,0.176,-0.048,-7.753,0.003,0.052,0.001,0.143,-0.052,0.875,0.044,2.723,0.094,-0.048,-1.74,-0.013,-0.043,-0.189,-2.533,0.001,-0.183,-0.008,-0.143,-0.973,-0.05,-3.27,-0.005,0.005,-0.004,0.164,-0.014,-0.438,-0.033,2.277,0.015,-0.1,-0.92,-0.036,0.068,-0.136,-4.871,-0.007,-0.136,-0.014,-0.1,-1.007
csi-miR3951b-3p,0.06,-6.554,0.002,0.09,0.005,0.095,0.045,-1.061,0.291,0.027,0.15,0.075,-0.674,0.001,0.085,0.137,10.003,0.006,0.077,0.003,0.125,1.845,-0.042,-3.606,0.001,-0.063,-0.002,-0.058,-0.074,1.865,-0.123,-1.295,0.234,0.005,-0.716,0.003,0.037,-0.061,-11.088,-0.004,-0.061,0.0,-0.026,-1.691,-0.044,-3.321,0.0,-0.1,0.0,-0.061,-0.114,0.32,-0.321,-0.8,0.156,-0.033,-0.909,0.031,-0.017,-0.211,-19.839,-0.001,-0.137,-0.009,-0.111,-3.434
mtr-miR2653a,0.172,-23.459,0.001,0.119,0.002,0.053,0.114,-2.348,0.027,-1.673,-0.007,0.039,-3.499,-0.005,0.039,-0.023,-6.532,0.005,-0.087,-0.007,0.053,-0.981,0.041,-21.324,-0.004,0.044,0.002,-0.056,0.009,-0.682,-0.059,-0.582,0.079,-0.015,-3.013,-0.026,-0.07,-0.029,-4.88,0.005,-0.062,-0.019,0.003,-0.76,0.071,14.666,0.001,0.077,0.004,0.0,-0.108,0.026,-0.062,0.963,0.743,-0.015,2.773,-0.009,-0.015,0.226,0.302,0.008,0.231,-0.007,0.183,0.773
ssp-miR1432,0.125,-10.891,0.001,0.197,0.005,0.252,0.064,-0.552,0.099,-0.33,-0.194,0.072,-1.053,-0.001,0.091,0.088,2.353,0.009,0.055,0.006,0.105,0.625,-0.091,-27.363,0.008,0.123,0.0,-0.012,-0.178,-1.396,-0.098,-1.863,-0.363,-0.023,-3.796,-0.025,-0.181,-0.123,-13.659,0.0,-0.14,-0.026,-0.056,-2.228,0.009,2.42,0.0,0.099,-0.001,0.006,-0.13,-1.725,-0.028,6.647,-1.543,-0.025,0.166,-0.028,-0.133,-0.046,-4.049,-0.001,-0.024,-0.048,-0.059,-0.732
gra-miR8759,0.163,0.809,-0.001,0.321,0.004,0.194,0.089,-0.983,-0.159,-0.252,-0.522,0.169,0.79,0.0,0.125,0.26,2.084,0.007,0.2,0.014,0.299,1.12,0.006,2.482,-0.004,0.117,0.0,0.05,-0.061,-1.348,0.096,7.836,-1.744,0.123,0.671,-0.013,-0.114,0.11,5.742,0.001,0.106,-0.025,0.105,1.041,0.065,2.969,-0.002,-0.053,0.0,0.118,0.006,-1.655,0.001,6.406,2.056,0.105,0.438,-0.027,0.043,0.065,1.793,-0.002,0.065,-0.048,0.118,0.228
gma-miR1532,0.129,-27.406,0.003,0.132,0.005,0.272,0.016,-1.533,0.025,-3.02,0.094,0.068,-3.593,0.001,0.175,0.043,-0.844,0.009,-0.036,0.001,0.116,0.06,-0.079,27.361,0.001,0.012,-0.002,0.105,-0.033,1.067,-0.045,3.56,0.366,-0.029,3.575,-0.003,0.083,-0.071,4.012,-0.005,-0.004,0.004,-0.121,0.33,-0.098,-11.977,-0.001,-0.068,-0.005,0.078,-0.088,0.274,0.083,-4.759,-1.65,-0.03,-2.368,0.006,0.035,-0.232,-17.254,-0.011,-0.252,0.012,-0.226,-3.183
osa-miR5797,0.089,1.777,0.004,0.072,0.003,0.158,0.102,-0.39,0.104,-0.463,0.466,0.208,1.205,0.001,0.233,0.363,13.737,0.004,0.262,0.016,0.335,3.082,-0.184,-0.816,0.004,-0.023,-0.006,-0.111,-0.155,-1.553,-0.056,-0.62,-1.464,-0.114,0.326,-0.004,0.058,0.171,16.059,-0.007,0.106,0.007,0.114,2.806,-0.019,-2.125,-0.002,-0.025,-0.004,-0.059,-0.074,-0.605,-0.112,0.316,-0.918,-0.251,0.112,0.004,0.04,0.095,14.964,-0.005,0.08,0.025,0.053,2.412
gma-miR4370,0.081,-9.874,0.003,0.157,0.008,0.202,0.033,-2.344,0.046,-1.552,-0.172,0.231,-0.79,0.002,0.045,0.21,6.338,0.009,0.125,0.013,0.227,1.572,0.037,0.657,-0.004,-0.026,-0.002,-0.128,-0.052,2.491,-0.103,-1.937,0.444,-0.058,0.182,0.006,-0.117,0.024,-2.268,-0.002,0.013,0.013,-0.048,-0.135,0.005,1.71,-0.001,-0.027,-0.004,-0.141,0.0,-2.873,0.088,4.789,-0.947,-0.127,-0.518,0.002,-0.073,-0.196,-6.298,-0.005,-0.179,-0.021,-0.2,-1.605
tae-miR9679-5p,0.072,-21.367,-0.004,0.18,0.004,0.199,0.011,-0.302,-0.158,-0.831,-0.09,0.075,-2.777,-0.002,0.039,0.021,-6.33,0.007,-0.037,-0.004,0.042,-0.781,-0.044,7.981,0.002,-0.032,-0.005,-0.082,0.012,-1.404,0.105,2.88,0.55,-0.088,0.641,-0.012,-0.096,-0.138,-1.702,-0.009,-0.1,-0.01,-0.129,-0.785,0.18,-5.4,-0.001,-0.152,-0.004,-0.043,0.102,0.826,-0.188,-4.158,-2.177,0.025,-1.17,-0.001,-0.012,-0.153,-13.541,-0.007,-0.1,0.013,-0.084,-2.331
aly-miR3448-5p,0.247,-2.425,0.001,0.066,0.012,0.44,0.144,-0.269,0.124,-0.064,-0.055,0.216,0.029,-0.002,0.163,0.089,3.295,0.017,0.049,0.002,0.072,0.744,0.085,-8.316,-0.003,-0.123,0.006,0.196,-0.07,2.164,-0.038,-1.488,-0.051,0.117,-1.638,-0.001,-0.05,-0.1,-8.194,0.009,-0.123,0.001,-0.044,-1.441,0.022,-13.269,0.001,0.046,0.001,-0.009,-0.074,0.962,-0.107,-2.22,0.131,0.065,-1.554,-0.023,-0.093,0.025,-11.673,0.005,0.005,-0.004,0.062,-1.517
bdi-miR7745-3p,0.157,0.074,-0.003,0.05,0.005,0.14,0.064,-2.703,-0.073,-0.025,-0.189,0.048,0.098,0.0,0.112,0.015,1.315,0.007,0.022,-0.001,0.021,0.24,-0.074,-5.739,-0.003,-0.043,-0.004,-0.149,-0.156,-0.477,-0.157,-1.223,-1.542,-0.186,-1.0,-0.005,-0.1,-0.148,-5.574,-0.003,-0.119,-0.004,-0.139,-1.297,-0.077,-2.612,0.003,-0.045,0.0,-0.168,0.018,0.736,0.023,-1.975,-1.091,0.107,-0.143,-0.009,-0.082,0.049,0.93,-0.004,0.035,-0.001,0.036,0.28
mtr-miR2594,0.108,-1.83,-0.003,0.252,0.002,0.197,0.127,-0.84,-0.001,-0.075,-1.454,0.061,0.577,-0.001,0.147,0.171,4.139,0.004,0.173,-0.006,0.125,1.114,-0.132,-36.671,0.002,-0.146,-0.001,-0.114,-0.032,-1.329,-0.024,-0.149,-0.066,-0.047,-6.332,-0.027,-0.234,-0.412,-14.795,-0.001,-0.433,-0.024,-0.301,-3.188,-0.105,-17.899,-0.001,-0.272,0.001,-0.226,-0.173,1.306,-0.125,3.05,-0.981,-0.037,-3.309,-0.042,-0.248,-0.268,-10.107,0.002,-0.302,-0.016,-0.201,-2.149
aly-miR842-5p,-0.042,-14.069,-0.004,0.244,0.001,0.094,0.08,-0.384,0.006,-0.33,-0.176,0.039,-1.62,-0.002,0.064,0.006,-1.47,0.001,0.003,0.002,0.053,-0.166,-0.155,-7.782,0.004,-0.02,-0.004,-0.173,0.02,-0.75,-0.052,-2.266,-1.854,-0.099,-1.185,0.004,-0.126,-0.128,2.426,-0.008,-0.104,0.011,-0.17,0.366,0.046,18.74,-0.003,0.037,0.001,-0.17,0.012,1.339,-0.023,-2.854,-1.107,0.071,3.34,-0.016,-0.043,0.256,1.558,0.003,0.218,0.016,0.17,1.159
lja-miR11114-3p,0.155,-2.957,0.003,0.061,-0.0,0.011,0.075,-0.111,-0.009,-0.26,-0.124,0.05,0.409,0.0,0.213,0.253,6.868,0.0,0.191,0.011,0.283,1.797,-0.058,15.99,0.0,-0.047,-0.002,-0.152,-0.234,-3.27,0.132,7.325,-1.468,-0.058,2.169,-0.012,-0.211,0.013,1.88,-0.004,0.044,-0.041,-0.058,0.26,-0.006,-4.197,0.002,-0.05,0.0,0.077,-0.149,-1.444,-0.103,6.743,-0.989,-0.003,-0.824,-0.006,-0.189,-0.125,-7.247,-0.002,-0.081,-0.03,-0.074,-1.377
aly-miR4226,0.11,-10.016,0.001,0.04,0.005,0.16,0.078,-1.351,-0.251,-0.872,-0.205,0.14,-0.929,0.002,0.09,0.098,-3.055,0.006,0.057,0.009,0.11,-0.022,-0.053,-3.285,-0.005,-0.147,0.0,-0.032,-0.024,0.849,0.036,-1.297,-0.616,-0.116,-0.914,-0.002,-0.011,-0.148,0.267,-0.001,-0.132,0.005,-0.158,-0.294,-0.011,22.884,-0.001,-0.022,-0.001,-0.133,0.031,0.745,0.045,-2.417,0.347,-0.122,3.294,0.003,-0.011,0.14,12.224,0.0,0.114,0.02,0.044,2.412
gma-miR2109-3p,0.075,-10.01,0.001,0.199,0.004,0.241,0.091,-3.308,0.011,-1.014,-0.165,0.058,-0.83,0.0,0.252,0.12,0.248,0.005,0.094,-0.006,0.155,0.447,-0.053,-2.274,-0.002,0.099,-0.001,0.111,0.029,4.669,-0.015,-1.357,0.113,-0.05,-0.481,0.006,0.243,-0.011,-2.908,-0.001,-0.033,0.014,0.0,-0.444,-0.077,13.329,-0.003,0.046,-0.002,0.084,0.325,-0.219,-0.023,0.963,1.294,0.065,2.229,0.038,0.35,0.094,1.419,-0.005,0.108,0.015,0.062,0.515
bdi-miR5201-5p,0.061,-0.742,0.004,0.338,0.003,0.086,0.158,-1.419,0.101,-0.199,0.273,0.219,0.983,0.0,0.075,0.349,8.906,0.004,0.278,0.012,0.316,2.237,0.02,7.727,-0.005,0.079,-0.006,-0.178,0.0,-0.458,-0.097,0.614,-0.602,0.009,1.467,0.028,-0.123,0.132,0.089,-0.005,0.141,0.02,0.167,0.342,0.093,15.915,-0.005,-0.034,-0.002,-0.037,-0.176,0.525,0.06,2.201,-0.791,-0.121,2.48,0.036,-0.13,0.142,9.902,0.002,0.132,0.031,0.118,1.717
cre-miR908.3,0.107,3.806,0.006,0.014,0.001,0.087,0.014,-3.261,-0.079,-0.599,-0.621,0.052,1.318,-0.001,0.159,0.255,6.396,0.001,0.218,-0.003,0.228,1.748,-0.136,2.853,0.002,-0.018,0.0,-0.096,-0.32,0.113,-0.07,1.401,0.317,-0.11,0.426,-0.012,-0.081,0.0,-3.056,0.0,-0.008,-0.001,-0.015,-0.42,-0.027,3.627,0.001,0.114,0.002,0.043,0.035,1.275,0.112,4.847,0.377,0.039,0.585,0.021,-0.02,-0.008,1.791,0.004,0.047,0.004,-0.016,0.118
cpa-miR8143,0.095,-23.423,-0.002,0.058,0.001,0.091,0.174,-1.952,-0.026,-0.07,-0.054,0.066,-3.106,-0.001,0.112,-0.027,-2.866,0.002,-0.057,-0.008,0.0,-0.538,0.035,8.578,-0.001,-0.035,-0.002,-0.143,-0.056,0.85,0.054,-0.913,-0.475,-0.074,0.678,0.003,-0.175,-0.087,-1.712,-0.003,-0.071,0.005,-0.093,-0.476,0.068,-7.527,0.0,-0.036,-0.001,-0.05,-0.164,0.831,0.004,-1.636,2.249,-0.027,-1.036,-0.001,-0.091,-0.039,-3.168,-0.001,-0.038,-0.002,0.005,-0.68
gma-miR4348c,0.26,-4.857,-0.0,0.075,0.006,0.186,0.26,-1.497,0.121,-0.224,-0.011,0.222,-0.369,-0.0,0.055,0.06,6.3,0.009,0.041,-0.001,0.058,1.046,-0.058,-16.616,-0.002,-0.088,0.0,-0.073,-0.026,1.294,0.127,-1.023,0.172,-0.067,-2.998,-0.007,-0.085,-0.234,-14.46,0.0,-0.237,-0.002,-0.123,-2.798,-0.297,-11.617,-0.001,-0.034,-0.004,-0.195,-0.288,0.832,0.063,-2.241,0.403,-0.18,-1.715,-0.036,0.028,0.015,-9.142,-0.006,-0.034,-0.016,0.046,-1.157
cas-miR403,0.21,-6.582,0.006,0.14,0.006,0.2,0.178,-2.468,0.011,-1.53,-0.001,0.17,-0.499,0.001,0.075,0.143,2.361,0.01,0.085,0.002,0.185,0.792,-0.005,5.05,-0.002,0.042,-0.005,-0.161,-0.042,-0.45,-0.151,7.589,-0.984,-0.061,0.363,-0.01,-0.079,-0.089,-1.416,-0.007,-0.031,-0.036,-0.068,-0.613,-0.022,2.198,0.002,-0.011,-0.009,-0.231,-0.044,-4.591,-0.235,5.094,-0.577,-0.064,0.012,-0.035,-0.069,-0.107,-14.128,-0.014,-0.07,-0.048,-0.025,-2.278
ata-miR5070-3p,0.161,-4.547,-0.003,0.061,0.003,0.183,0.108,0.226,-0.078,-0.507,0.126,0.089,-0.061,-0.0,0.208,0.135,3.024,0.006,0.11,0.012,0.158,0.862,-0.164,-18.408,0.002,-0.047,-0.005,-0.345,-0.161,-1.422,-0.205,-1.784,-0.727,-0.158,-2.391,-0.019,-0.073,-0.061,-9.727,-0.009,-0.064,-0.01,-0.058,-1.388,0.037,-20.388,-0.003,-0.05,-0.005,-0.446,0.068,-2.826,0.168,-2.551,1.2,-0.108,-2.94,-0.028,-0.034,-0.001,-6.401,-0.008,-0.04,-0.022,0.111,-0.885
smo-miR1090,0.368,-1.558,0.0,0.144,0.011,0.404,0.169,-0.1,0.049,-0.33,-0.498,0.199,0.452,-0.002,0.072,0.242,6.731,0.018,0.179,0.001,0.18,1.749,-0.061,-2.845,-0.002,-0.07,0.005,0.105,0.038,-0.265,-0.125,0.827,0.074,0.099,-0.715,0.009,-0.023,-0.101,4.494,0.006,-0.097,0.012,-0.102,0.262,-0.195,3.423,0.0,-0.074,0.005,0.006,0.04,1.398,0.088,1.858,0.926,0.046,0.226,0.014,0.034,-0.113,12.881,0.005,-0.111,0.024,-0.167,1.407
cme-miR7130,0.186,-15.098,0.002,0.033,0.005,0.194,0.05,-1.592,-0.016,-1.182,0.17,0.231,-1.745,0.001,0.058,0.115,0.323,0.007,0.043,0.007,0.132,0.447,0.004,14.273,-0.001,-0.013,0.001,0.013,0.074,1.33,0.019,1.452,-0.108,0.026,1.67,0.021,-0.13,-0.13,1.211,0.001,-0.039,-0.003,-0.1,-0.33,-0.095,-20.989,0.001,-0.014,-0.004,-0.136,-0.05,-1.622,-0.067,-0.7,0.115,-0.15,-3.4,0.015,-0.136,-0.178,-7.892,-0.007,-0.179,0.001,-0.105,-1.641
ppt-miR1219d,0.061,-4.218,0.001,0.08,0.006,0.139,0.08,-0.384,0.044,-0.803,-0.429,0.141,-0.303,-0.0,0.061,0.131,3.544,0.006,0.076,0.001,0.102,0.937,0.009,-6.882,-0.001,-0.193,-0.004,-0.076,-0.099,-0.84,0.029,2.412,0.22,-0.213,-1.856,-0.007,-0.047,-0.231,-10.489,-0.007,-0.24,0.0,-0.17,-2.237,0.068,-9.79,-0.001,-0.037,0.001,-0.022,-0.115,1.148,0.034,-4.142,-2.538,-0.065,-1.739,-0.001,-0.05,-0.127,-9.947,0.002,-0.105,0.004,-0.059,-1.802
mtr-miR2619b-3p,0.102,-0.701,0.001,0.114,0.001,0.183,0.094,-0.387,-0.114,-0.072,0.625,0.058,0.556,-0.0,0.271,0.204,1.041,0.002,0.15,0.006,0.18,0.81,-0.111,-26.585,-0.004,-0.082,-0.002,-0.123,-0.123,-1.166,-0.105,-0.857,2.157,-0.105,-5.03,-0.017,0.009,-0.442,-20.661,-0.005,-0.36,-0.038,-0.275,-4.461,0.065,-13.173,-0.002,-0.087,-0.001,-0.211,0.105,-1.877,-0.032,2.149,2.278,0.006,-3.018,-0.028,-0.108,-0.372,-17.484,-0.002,-0.296,-0.033,-0.232,-3.75
aly-miR773b-5p,0.299,-8.381,-0.003,0.058,0.012,0.263,0.377,-0.366,0.002,0.006,0.149,0.357,-1.065,-0.002,0.075,-0.02,-1.157,0.015,-0.027,-0.0,0.003,-0.221,0.135,-1.396,-0.003,-0.105,0.002,-0.056,0.164,-2.21,-0.442,0.418,-0.212,0.082,-0.829,0.022,-0.032,-0.259,-15.974,0.003,-0.157,-0.013,-0.164,-3.068,0.142,15.48,0.004,-0.034,-0.002,0.118,-0.015,-0.661,-0.03,1.155,0.145,-0.05,2.209,0.026,0.025,0.083,5.846,-0.001,0.081,0.007,0.037,1.037
smo-miR1098,0.277,-14.215,0.006,0.061,0.006,0.147,0.155,-2.031,0.128,-0.648,-0.088,0.163,-1.648,-0.004,0.003,0.141,3.981,0.008,0.058,-0.0,0.125,1.02,0.041,-3.838,-0.002,-0.047,0.002,-0.056,0.111,1.353,-0.093,0.582,0.408,0.006,-0.067,0.007,-0.073,0.097,9.244,0.005,0.072,0.016,0.012,1.591,-0.046,27.55,-0.004,-0.05,0.003,-0.111,0.121,0.935,0.074,1.743,1.067,-0.012,4.222,0.017,0.099,0.189,29.005,0.008,0.166,0.03,0.012,4.522
aly-miR824-5p,0.127,-4.186,0.002,0.166,0.007,0.357,0.199,0.102,0.01,-0.23,0.29,0.327,0.353,0.001,0.233,0.215,5.584,0.008,0.17,0.007,0.152,1.492,0.003,4.618,0.0,0.009,0.003,0.135,-0.012,-1.781,-0.101,-0.985,1.718,0.178,-0.022,-0.008,0.006,-0.198,-7.941,0.003,-0.126,-0.017,-0.123,-1.751,0.04,-26.183,-0.004,-0.05,0.006,0.121,-0.195,-3.653,-0.041,-2.192,4.32,0.071,-5.037,-0.028,-0.071,-0.484,-25.35,0.006,-0.389,-0.052,-0.254,-5.254
gra-miR8694a,0.198,1.421,0.001,0.095,0.003,0.165,0.095,-1.551,0.132,-0.43,0.148,0.124,0.542,-0.0,0.091,0.156,6.711,0.006,0.086,0.005,0.124,1.446,-0.03,-13.547,0.0,0.004,0.001,0.056,-0.026,-0.621,0.112,-0.455,-1.312,-0.013,-1.863,-0.006,-0.139,-0.06,8.078,0.002,-0.085,0.003,-0.069,0.933,0.055,1.44,0.002,0.055,0.004,0.136,-0.143,0.99,0.055,-1.732,-1.013,-0.114,0.476,-0.006,-0.018,0.052,10.369,0.005,0.063,0.002,0.023,1.602
lja-miR11107c-5p,0.093,0.673,-0.001,0.154,0.001,0.075,0.054,-1.174,-0.087,-0.132,0.064,0.045,0.582,-0.002,0.039,0.157,0.823,0.002,0.114,0.001,0.15,0.676,-0.25,-5.056,0.002,-0.114,-0.005,-0.264,-0.093,0.19,-0.11,-0.676,0.347,-0.102,-0.864,-0.003,-0.01,-0.121,-9.132,-0.011,-0.072,-0.005,-0.064,-1.629,-0.1,-4.798,-0.001,-0.12,-0.003,-0.158,-0.045,1.072,0.246,0.038,0.7,-0.055,-0.664,0.006,-0.01,-0.006,4.005,-0.004,-0.02,0.011,-0.015,0.454
ppt-miR1038-5p,0.306,-0.659,0.004,0.247,0.009,0.333,0.463,-2.452,0.005,-1.164,0.165,0.278,0.348,-0.0,0.222,0.183,6.5,0.011,0.115,0.001,0.167,1.541,0.059,9.3,-0.002,0.026,0.005,0.052,0.314,2.136,-0.078,1.101,-0.318,0.0,1.155,0.005,0.144,-0.078,5.254,0.007,-0.041,0.003,-0.176,0.504,0.0,15.761,0.0,0.028,0.005,-0.076,0.25,-1.275,0.109,1.635,0.233,-0.063,2.795,0.02,0.146,0.195,21.679,0.01,0.161,0.033,0.0,3.653
vca-miR10204-5p,0.127,-4.443,-0.0,0.022,0.008,0.177,0.105,-2.186,-0.0,-0.698,-1.025,0.169,-0.249,-0.001,0.197,0.138,3.322,0.009,0.113,0.006,0.186,0.92,0.079,-13.113,0.002,-0.275,-0.003,-0.202,-0.108,-0.694,0.036,-0.529,0.328,-0.123,-2.146,0.031,-0.181,-0.102,-4.02,-0.001,-0.121,0.01,-0.129,-0.899,0.084,-16.332,-0.003,-0.04,-0.002,-0.272,0.18,1.473,0.041,-1.046,0.201,-0.189,-2.716,0.038,-0.251,-0.153,-4.75,0.003,-0.169,0.011,-0.235,-1.095
seu-miR11039,0.265,2.673,0.0,0.068,0.004,0.188,0.043,-0.185,-0.269,-0.621,-0.252,0.098,0.858,-0.001,0.129,0.183,-0.536,0.008,0.128,0.004,0.141,0.552,-0.071,-12.295,-0.002,-0.029,-0.004,0.002,-0.195,-1.403,-0.011,-0.512,0.363,-0.148,-2.357,-0.026,-0.067,-0.222,-19.852,-0.006,-0.208,-0.022,-0.14,-3.411,-0.098,-8.479,-0.001,-0.03,0.0,0.218,-0.043,0.564,0.119,0.346,0.624,0.055,-1.137,-0.018,0.008,-0.019,4.583,-0.004,-0.006,-0.014,-0.01,0.58
gra-miR8691,0.136,-16.184,-0.0,0.037,0.002,0.14,0.05,-0.14,0.156,-0.087,0.056,0.062,-1.871,-0.002,0.05,0.036,3.684,0.004,0.009,-0.0,0.017,0.659,-0.238,-7.192,0.0,-0.009,-0.001,-0.078,-0.108,-0.155,0.025,0.463,0.354,-0.03,-1.331,0.009,-0.156,-0.161,-0.091,-0.002,-0.133,0.003,-0.139,-0.593,-0.25,4.538,-0.002,-0.009,-0.001,0.0,-0.132,0.164,-0.031,1.086,0.168,0.032,0.301,0.04,-0.064,-0.114,0.871,-0.002,-0.069,0.012,-0.095,-0.405
ahy-miR3519,0.05,4.102,0.002,0.039,0.004,0.105,0.147,-0.556,-0.019,-0.557,-0.137,0.222,1.038,-0.005,0.061,0.15,2.04,0.004,0.113,0.001,0.111,0.841,-0.184,-18.527,-0.003,-0.155,-0.004,-0.058,-0.123,-1.824,-0.333,-0.485,0.328,-0.099,-3.163,-0.031,-0.047,-0.234,-17.998,-0.009,-0.198,-0.03,-0.123,-3.138,0.068,-10.089,-0.001,-0.046,-0.005,0.226,-0.189,0.82,-0.025,0.83,0.524,-0.164,-1.648,-0.019,0.009,-0.104,-1.702,-0.006,-0.094,-0.01,-0.071,-0.639
smo-miR1111,-0.03,4.305,-0.001,0.161,-0.0,0.125,0.014,-0.702,0.09,-0.363,-0.471,0.061,1.277,-0.003,0.091,0.127,6.466,-0.001,0.132,-0.002,0.1,1.339,-0.199,-19.449,0.0,-0.205,-0.004,-0.202,-0.152,-2.136,0.025,0.909,-0.527,-0.047,-2.799,0.029,-0.126,-0.138,-2.353,-0.009,-0.145,0.004,-0.105,-0.766,0.183,-5.271,-0.004,-0.297,0.001,-0.028,0.074,-0.598,-0.018,1.814,2.736,0.009,-1.578,0.01,-0.074,-0.108,-7.306,0.001,-0.134,-0.015,-0.046,-1.506
pab-miR11490a,0.213,-2.168,0.002,0.285,0.004,0.094,0.199,-1.901,-0.268,-1.598,-0.052,0.141,0.476,0.001,0.119,0.283,0.85,0.007,0.208,0.01,0.299,1.02,-0.073,1.538,-0.003,0.023,-0.004,-0.278,-0.012,-1.735,0.198,-0.485,1.997,0.038,-0.004,-0.014,-0.181,-0.1,-3.522,-0.006,-0.046,-0.024,-0.123,-0.867,-0.136,-13.124,0.003,-0.115,-0.005,-0.229,0.025,-4.667,-0.169,-1.765,2.073,0.04,-2.888,0.015,-0.105,-0.395,-16.232,-0.01,-0.315,-0.017,-0.235,-3.531
pab-miR11535,0.06,-10.09,0.004,0.21,0.008,0.25,0.09,-1.273,0.245,-1.443,-0.53,0.36,-0.676,-0.001,0.06,0.241,9.21,0.008,0.16,0.006,0.245,2.037,-0.079,-4.397,0.0,0.063,0.003,0.0,0.205,0.88,0.146,-1.118,-0.13,0.116,-0.568,-0.001,-0.058,-0.042,-0.256,0.002,-0.032,0.003,-0.003,-0.105,-0.067,-11.171,-0.001,0.011,0.002,-0.111,0.05,1.741,0.01,-0.542,0.751,-0.1,-1.59,-0.028,-0.022,-0.112,-10.557,0.004,-0.068,-0.016,-0.111,-1.707
csi-miR12111-3p,0.157,3.868,0.0,0.223,0.009,0.25,0.273,-0.564,0.253,-0.132,0.302,0.306,1.162,0.001,0.05,0.242,12.187,0.011,0.173,0.01,0.176,2.446,-0.056,6.34,0.0,-0.026,-0.004,-0.043,0.048,0.282,0.091,1.939,-0.317,0.082,1.024,-0.008,-0.043,0.016,3.16,-0.009,0.02,0.004,-0.017,0.549,-0.059,-1.838,0.002,-0.05,-0.005,-0.045,-0.1,-0.469,-0.049,1.382,-0.47,-0.07,-0.291,-0.03,0.005,-0.012,-7.911,-0.01,-0.011,-0.018,0.02,-0.988
gma-miR9736,0.366,-3.088,0.003,0.061,0.001,0.042,0.38,-0.376,0.129,-0.03,0.24,0.036,0.17,-0.0,0.319,0.247,9.247,0.003,0.168,0.009,0.177,2.063,0.111,-19.096,-0.007,-0.047,-0.001,-0.164,0.152,-2.006,-0.359,-1.398,1.759,-0.018,-3.773,-0.021,0.035,-0.315,-20.899,-0.001,-0.256,-0.035,-0.158,-4.018,0.124,-12.965,-0.006,0.009,-0.002,-0.04,0.161,-2.447,-0.233,-0.882,1.914,-0.019,-2.456,0.004,0.096,-0.199,-18.461,-0.004,-0.159,-0.027,-0.05,-3.346
mtr-miR5211,0.04,-10.105,-0.003,0.19,0.002,0.11,0.05,-0.217,0.037,-1.175,-0.241,0.05,-1.167,-0.0,0.1,0.043,-2.629,0.004,0.019,0.004,0.11,-0.262,-0.116,-12.168,0.003,0.063,-0.002,-0.129,-0.263,-3.365,-0.015,-2.055,2.274,0.0,-2.125,-0.01,-0.266,-0.178,-5.423,-0.003,-0.155,-0.025,-0.111,-1.338,-0.011,3.546,-0.003,0.033,0.0,-0.061,-0.111,-5.172,0.078,7.122,-0.116,0.056,0.633,-0.014,-0.228,-0.017,2.841,-0.001,0.038,-0.046,-0.078,0.277
aly-miR859-5p,0.551,-1.201,0.003,0.224,0.013,0.399,0.23,-1.06,0.182,-0.454,-0.353,0.147,0.289,0.003,0.061,0.242,11.539,0.024,0.152,0.018,0.233,2.381,0.193,2.104,-0.002,0.099,0.01,0.088,0.067,0.651,-0.007,0.26,0.341,-0.029,0.667,0.016,0.009,0.155,13.446,0.018,0.114,0.024,0.064,2.357,0.028,-1.251,0.002,0.077,0.01,0.034,0.062,0.436,-0.228,1.025,-0.015,-0.05,0.142,0.046,0.068,0.116,9.508,0.017,0.103,0.023,0.111,1.674
osa-miR1429-3p,0.061,4.939,-0.002,0.114,0.004,0.094,0.213,-1.364,-0.128,-0.407,0.464,0.305,1.177,0.001,0.111,0.168,1.642,0.003,0.125,0.014,0.199,0.772,-0.047,-0.944,-0.006,0.064,-0.003,-0.012,-0.006,1.127,-0.064,0.977,0.145,0.032,0.045,0.005,-0.161,-0.03,5.305,-0.003,-0.015,0.02,-0.012,0.606,-0.05,1.333,0.003,0.009,-0.007,-0.077,-0.217,-1.198,0.008,-1.006,0.762,-0.09,0.475,-0.002,-0.13,0.088,5.529,-0.007,0.074,0.01,0.099,1.116
aly-miR2112-5p,0.247,-1.005,0.002,0.094,0.001,0.061,0.125,-1.134,0.008,-1.986,0.134,0.116,0.624,0.001,0.197,0.283,4.772,0.003,0.222,0.009,0.388,1.608,-0.129,-5.242,0.0,-0.047,-0.003,-0.091,0.009,-0.077,-0.264,1.632,-0.416,-0.044,-1.027,0.024,0.012,-0.133,-7.31,-0.006,-0.089,0.005,-0.053,-1.447,-0.269,10.058,-0.007,-0.087,-0.003,-0.025,-0.108,0.737,0.012,-2.121,-0.776,-0.105,0.803,0.023,-0.046,-0.223,-8.106,-0.008,-0.157,0.001,-0.3,-1.746
vvi-miR3630-3p,0.16,-2.536,-0.0,0.17,0.014,0.435,0.15,0.248,-0.008,-0.34,0.473,0.212,0.077,0.001,0.25,0.17,2.073,0.018,0.094,0.006,0.145,0.798,-0.095,-14.557,0.001,0.074,0.006,0.142,0.063,-0.113,0.021,1.411,-0.005,0.039,-2.316,0.029,0.0,-0.21,-2.085,0.008,-0.153,0.001,-0.163,-1.01,-0.1,-20.467,0.002,-0.033,0.0,-0.081,0.128,-0.783,0.148,-4.978,-2.438,-0.028,-3.878,0.037,-0.083,-0.437,-15.341,0.001,-0.331,0.003,-0.289,-3.598
gra-miR8712,0.079,-7.756,0.003,0.062,0.002,0.066,0.004,-2.485,-0.058,-0.13,0.18,-0.012,-0.726,-0.001,0.157,0.083,0.394,0.002,0.067,-0.001,0.107,0.401,-0.041,-1.89,-0.004,-0.03,-0.004,0.015,-0.035,-0.164,-0.081,2.141,0.489,-0.115,-0.645,-0.01,0.022,-0.147,-6.269,-0.006,-0.101,-0.005,-0.126,-1.356,0.027,2.903,-0.005,0.018,0.001,0.209,0.073,0.913,-0.01,2.673,0.662,0.023,0.083,-0.026,0.023,-0.123,-6.138,0.0,-0.081,-0.013,-0.082,-1.293
tae-miR9663-5p,0.183,-16.758,0.003,0.033,0.006,0.177,0.019,-1.754,-0.226,-2.055,-0.092,0.108,-2.147,-0.001,0.011,0.034,-6.607,0.01,-0.006,0.001,0.105,-0.779,-0.213,7.263,-0.007,-0.187,-0.006,-0.123,-0.091,-1.428,0.207,1.743,0.08,0.003,0.662,-0.005,-0.07,-0.176,-2.666,-0.013,-0.105,-0.018,-0.281,-1.024,-0.167,4.721,-0.005,-0.115,-0.01,0.0,0.009,-1.267,-0.127,-0.263,0.973,0.003,0.133,-0.024,0.074,-0.198,-17.017,-0.02,-0.139,-0.021,-0.186,-2.887
gma-miR5776,0.114,-6.88,-0.001,0.058,0.007,0.258,0.089,-0.407,-0.0,-0.803,-0.067,0.161,-0.392,-0.001,0.26,0.174,5.998,0.008,0.124,0.003,0.152,1.386,-0.082,-2.534,-0.002,-0.088,-0.011,-0.333,-0.184,2.169,-0.044,-0.746,-0.713,-0.275,-0.672,0.0,-0.058,-0.137,-7.639,-0.015,-0.119,-0.001,-0.114,-1.486,-0.087,-15.587,0.002,-0.074,-0.013,-0.588,-0.13,-1.773,0.046,-1.567,2.971,-0.316,-3.256,-0.012,-0.297,-0.28,-14.596,-0.017,-0.29,-0.025,-0.176,-2.972
aly-miR4229,0.11,-1.562,0.001,0.26,0.012,0.445,0.23,-1.504,-0.058,-0.14,-0.555,0.112,-0.158,0.002,0.36,0.003,0.81,0.016,-0.002,0.002,-0.005,0.171,-0.042,-9.7,0.0,0.116,0.007,0.261,-0.079,0.786,-0.038,0.463,-1.29,-0.021,-1.767,0.031,0.1,-0.153,-0.004,0.01,-0.141,0.007,-0.147,-0.386,-0.044,-8.591,0.0,0.122,0.004,0.225,0.072,1.766,0.087,0.222,-0.783,0.033,-0.734,0.037,0.239,0.12,2.478,0.007,0.065,0.028,0.1,0.649
gma-miR1521b,0.15,0.591,0.005,0.059,-0.0,-0.014,0.027,-3.263,0.049,-0.274,0.011,0.016,0.488,-0.004,0.095,0.141,4.212,0.001,0.123,-0.003,0.145,1.138,-0.014,4.15,0.005,-0.114,-0.002,-0.119,-0.121,1.408,-0.108,-2.2,-0.606,-0.083,0.861,-0.004,0.0,0.122,0.599,-0.003,0.099,0.005,0.093,0.616,-0.015,2.123,0.006,-0.095,0.002,0.033,-0.03,0.646,-0.146,-1.489,-0.68,-0.003,0.722,0.027,0.0,0.124,-1.477,0.006,0.113,0.018,0.088,0.215
aly-miR4241,0.095,0.025,0.003,0.045,0.014,0.412,0.237,0.163,0.084,-1.087,0.52,0.485,1.007,0.001,0.325,0.336,11.434,0.014,0.245,0.015,0.31,2.651,-0.005,14.289,-0.002,-0.058,0.007,0.171,0.066,-1.641,-0.298,7.316,-1.293,0.184,1.733,-0.011,0.079,-0.103,-3.963,0.006,-0.039,-0.038,-0.095,-0.897,-0.006,-24.071,0.002,0.05,0.001,-0.042,0.153,-0.782,-0.142,0.986,-3.489,0.017,-4.527,-0.01,-0.139,-0.436,-26.89,0.0,-0.355,-0.041,-0.267,-5.179
ppe-miR8131-3p,0.143,-13.769,-0.004,0.021,0.004,0.132,0.066,0.243,-0.03,-1.025,-0.222,0.091,-1.987,-0.004,0.05,0.041,-1.361,0.007,-0.02,-0.002,0.066,-0.081,-0.247,2.503,0.002,-0.121,-0.016,-0.387,-0.139,-1.866,-0.059,2.212,0.457,-0.214,0.024,-0.009,-0.043,-0.158,-9.919,-0.025,-0.121,-0.007,-0.121,-1.91,-0.159,8.741,0.002,-0.05,-0.012,-0.257,-0.064,-0.16,-0.136,1.9,0.815,-0.2,1.122,-0.009,0.005,-0.094,-6.357,-0.019,-0.043,-0.004,-0.086,-1.193
bdi-miR7721-5p,0.136,8.075,0.005,0.074,0.01,0.318,0.178,0.795,0.1,-0.37,0.025,0.471,2.367,0.002,0.341,0.44,16.184,0.008,0.352,0.025,0.459,3.658,-0.048,6.637,-0.002,-0.052,0.001,0.0,-0.139,-2.093,-0.181,0.19,-0.523,0.16,1.445,0.026,-0.048,0.111,2.557,-0.002,0.133,0.009,0.126,0.786,-0.05,-2.059,0.003,-0.005,-0.009,-0.15,-0.127,-1.756,-0.122,0.264,-0.125,-0.132,-0.45,0.036,-0.2,-0.06,3.012,-0.009,-0.038,0.01,-0.041,0.251
bdi-miR7716-5p,0.215,-24.61,-0.001,0.062,0.005,0.223,0.079,-0.05,-0.189,-0.882,-0.024,0.14,-3.27,-0.0,0.021,-0.022,-5.961,0.009,-0.067,0.001,0.012,-0.874,-0.019,10.563,-0.001,-0.065,0.001,-0.032,-0.013,-0.699,0.052,0.563,0.512,0.004,0.966,0.012,-0.121,-0.115,-0.804,0.003,-0.106,0.006,-0.186,-0.51,0.023,10.94,-0.002,-0.068,0.006,0.057,0.086,1.363,0.011,0.195,0.742,0.105,2.156,0.027,0.05,0.215,23.11,0.009,0.175,0.033,0.045,3.89
ppe-miR319b,0.04,-10.726,-0.002,0.095,0.001,0.11,-0.05,-0.234,-0.042,-0.94,-0.738,0.075,-1.075,-0.002,0.09,0.122,-1.983,0.003,0.078,0.006,0.145,0.124,-0.147,-17.387,-0.001,-0.268,-0.012,-0.168,-0.158,-1.699,0.06,-1.121,2.636,-0.132,-3.464,-0.011,0.063,-0.255,-11.688,-0.019,-0.252,-0.027,-0.108,-2.612,0.011,3.285,0.003,-0.081,-0.003,0.089,0.156,-0.445,-0.039,-0.586,3.122,0.083,0.604,-0.033,0.144,0.014,-5.458,-0.006,0.078,-0.035,0.058,-0.761
eun-miR397a-3p,0.111,-15.123,-0.003,0.022,0.005,0.1,0.313,-1.333,-0.009,-2.762,0.138,0.274,-2.145,-0.0,0.108,0.064,-2.93,0.005,-0.031,0.009,0.155,-0.192,0.006,2.561,-0.004,-0.032,0.001,-0.067,0.213,0.521,-0.012,-0.541,0.776,0.012,0.252,0.001,-0.094,-0.032,-1.86,0.002,-0.015,-0.001,-0.085,-0.345,-0.053,-14.637,-0.003,0.025,-0.002,-0.074,0.161,1.112,-0.005,-0.588,0.918,-0.139,-1.806,0.026,-0.062,-0.02,3.08,0.0,0.003,-0.004,-0.133,0.373
osa-miR5827,0.139,12.43,-0.001,0.114,0.004,0.133,0.255,-0.843,-0.147,-0.26,-0.025,0.346,2.437,0.002,0.139,0.228,7.266,0.004,0.188,0.009,0.144,1.775,-0.076,-15.554,-0.003,-0.047,-0.005,-0.193,0.064,0.088,0.01,-1.056,-0.089,-0.035,-2.646,-0.005,-0.076,-0.25,-17.003,-0.004,-0.221,0.0,-0.181,-3.142,-0.08,-13.323,0.002,0.068,-0.001,-0.155,0.136,0.948,-0.047,-1.238,-0.932,-0.161,-2.257,-0.015,-0.056,-0.06,2.361,0.001,-0.078,-0.004,-0.034,0.122
osa-miR5814,0.06,0.868,-0.004,0.14,0.001,0.165,0.097,-0.283,-0.112,-0.322,0.057,0.124,0.341,-0.001,0.132,0.051,0.545,0.002,0.044,0.001,0.05,0.246,-0.372,-14.174,-0.001,-0.091,-0.005,-0.242,-0.156,-0.108,-0.06,2.567,-0.16,-0.091,-3.061,-0.011,-0.147,-0.443,-17.064,-0.01,-0.364,-0.014,-0.329,-3.789,-0.091,12.648,0.0,-0.077,-0.002,-0.305,-0.134,-1.186,-0.045,2.868,0.37,-0.127,2.071,-0.003,-0.105,0.128,10.877,-0.001,0.111,0.014,0.043,1.938
aly-miR829-5p,0.169,-11.317,0.0,0.072,0.011,0.366,0.114,-0.009,0.05,-0.011,-0.03,0.26,-1.324,-0.002,0.058,0.023,1.741,0.013,0.002,-0.001,0.014,0.305,-0.155,-27.745,-0.005,-0.023,-0.004,-0.225,-0.091,-1.629,-0.614,-1.231,-0.097,-0.222,-4.613,-0.028,-0.105,-0.415,-30.425,-0.004,-0.309,-0.039,-0.234,-5.493,-0.223,-15.696,-0.003,-0.025,-0.014,-0.533,-0.189,-1.656,-0.263,-0.573,-0.29,-0.347,-2.758,-0.004,-0.111,-0.201,-21.953,-0.015,-0.166,-0.03,-0.071,-3.64
gma-miR9741,0.202,-13.435,-0.001,0.066,0.004,0.14,0.118,-1.256,-0.105,-0.269,-0.019,0.157,-1.74,-0.003,0.05,-0.01,-5.183,0.007,-0.032,-0.003,0.004,-0.703,-0.136,-1.177,-0.001,-0.026,-0.003,-0.123,0.117,0.406,-0.156,-0.9,0.146,0.0,-0.311,-0.001,-0.043,-0.078,-4.978,-0.006,-0.049,-0.002,-0.043,-0.942,-0.143,-13.181,-0.004,-0.027,-0.003,-0.164,0.016,0.279,0.059,-1.982,0.16,0.027,-1.911,-0.025,-0.014,-0.054,-8.482,-0.004,-0.074,-0.009,-0.007,-1.297
